"Dte.","Barris","TOTAL",0,1,2,3,4,5,6,7,8,9,10,11,12,13,14,15,16,17,18,19,20,21,22,23,24,25,26,27,28,29,30,31,32,33,34,35,36,37,38,39,40,41,42,43,44,45,46,47,48,49,50,51,52,53,54,55,56,57,58,59,60,61,62,63,64,65,66,67,68,69,70,71,72,73,74,75,76,77,78,79,80,81,82,83,84,85,86,87,88,89,90,91,92,93,94,95,96,97,98,99,100
"BARCELONA",,1625137,13633,13918,13712,13533,14018,13968,13801,13747,14288,13588,13849,13612,13630,13456,13118,12776,13284,13213,13051,13771,13903,14450,15543,16714,18644,19330,20726,21812,22323,22801,23531,23952,24602,25041,25887,26276,26918,26872,27608,27503,27756,27653,26994,26239,25364,24818,24194,23432,23152,23074,23088,23193,23236,22063,21664,20913,20985,20796,20510,19913,18963,18629,17607,17827,17540,16808,16774,17689,18192,16922,16142,16985,16034,15307,13112,12699,15364,8999,10569,12385,2920,12301,11802,11629,10828,10098,9533,8124,7113,6317,5527,4528,3761,2923,2309,1658,1223,827,565,398,767
1,"1. el Raval",47986,449,431,409,396,457,475,462,414,439,374,412,385,358,364,353,350,346,382,360,410,460,502,592,684,804,882,1039,1091,1059,1092,1038,1021,1136,1022,1048,1080,1129,1065,1033,1029,934,907,937,850,858,789,782,784,721,671,643,663,589,544,555,510,505,464,449,459,410,407,343,356,310,308,323,300,291,265,263,266,251,220,212,197,243,157,192,200,219,214,174,191,178,145,133,132,123,99,95,91,67,50,30,30,20,12,9,2,12
1,"2. el Barri Gòtic",16240,99,97,93,88,99,97,89,81,82,85,80,113,77,91,94,79,84,69,84,132,124,164,210,245,358,404,503,444,450,427,434,421,385,396,387,369,340,336,337,317,340,283,289,288,256,238,218,231,224,206,212,222,202,191,189,170,178,177,176,162,161,146,141,128,122,126,117,107,113,91,99,110,96,99,84,73,89,57,73,64,81,77,65,67,62,69,66,51,36,43,40,38,36,27,25,11,9,11,3,0,11
1,"3. la Barceloneta",15101,94,100,86,101,80,71,86,86,80,68,96,80,92,73,79,80,83,76,79,104,125,127,170,202,249,315,331,329,365,359,339,362,363,334,353,342,317,299,314,264,281,297,260,230,223,230,209,210,195,193,185,208,179,202,188,159,164,178,151,143,130,148,153,130,121,113,111,102,140,110,122,125,126,110,94,99,130,78,95,123,122,95,100,111,107,86,89,71,58,62,45,30,37,29,15,15,12,6,3,5,5
1,"4. Sant Pere, Santa Caterina i la Ribera",22923,177,168,166,145,166,164,145,138,181,139,143,128,122,132,124,128,139,193,179,188,196,187,225,307,340,435,463,538,578,542,613,580,542,592,574,542,592,517,471,519,462,456,424,405,385,373,327,298,344,304,299,305,308,265,256,251,229,226,212,228,198,196,170,164,156,150,172,148,160,141,160,166,124,141,130,114,149,83,95,128,110,108,90,114,122,103,100,73,73,66,51,38,42,31,28,12,9,6,8,5,14
2,"5. el Fort Pienc",32048,251,266,268,240,281,238,262,241,246,247,236,240,241,199,255,214,237,241,256,245,272,278,321,343,382,396,477,512,490,519,501,522,543,550,578,571,576,573,600,597,527,549,492,474,475,480,422,417,416,423,404,435,437,414,432,412,393,416,443,405,391,387,379,361,362,296,360,361,378,328,323,321,312,272,244,270,266,182,175,210,248,248,237,205,207,209,187,170,137,129,90,106,73,75,49,44,31,17,16,7,14
2,"6. la Sagrada Família",51651,395,406,405,343,375,361,345,338,343,346,373,344,348,350,341,314,372,396,396,365,404,455,485,552,608,654,728,758,801,819,870,871,909,905,901,870,902,863,847,837,921,838,770,770,705,761,684,684,689,738,734,743,762,698,733,700,709,701,682,675,619,677,631,623,542,557,559,586,599,535,523,508,498,461,418,406,462,263,275,396,403,405,420,402,345,357,341,295,276,270,221,195,166,115,80,84,53,34,22,13,24
2,"7. la Dreta de l'Eixample",44246,365,402,358,354,358,371,354,387,357,353,356,353,336,328,344,318,320,341,344,378,386,363,436,469,584,588,622,658,709,704,679,709,750,700,699,750,743,733,741,753,770,731,730,708,669,631,624,565,596,576,639,592,649,605,565,545,620,529,577,526,526,521,525,465,519,456,441,488,479,404,418,410,412,410,334,317,379,224,212,267,311,293,266,308,309,276,308,222,236,227,185,155,147,108,103,67,68,40,37,23,50
2,"8. l'Antiga Esquerra de l'Eixample",42512,324,342,328,316,323,323,287,291,302,313,302,323,306,306,265,292,278,319,298,293,333,390,362,514,570,657,652,657,760,772,763,732,759,796,735,776,737,707,770,672,719,694,674,648,625,598,583,566,547,548,540,617,575,585,541,554,552,565,555,524,477,468,428,474,476,425,403,445,454,437,387,406,377,355,327,336,399,223,263,324,330,327,286,302,289,267,236,233,230,193,194,145,137,93,80,59,47,26,34,20,45
2,"9. la Nova Esquerra de l'Eixample",58315,439,454,452,389,441,394,423,412,435,354,401,408,411,409,375,395,400,380,400,444,456,488,568,622,719,805,873,950,1019,931,1015,981,946,984,965,972,976,925,949,945,898,966,922,838,803,797,784,744,760,746,776,737,744,789,758,764,757,804,803,754,791,699,687,744,732,716,719,734,709,690,604,655,601,551,500,510,615,314,364,446,447,466,383,404,418,383,353,297,257,262,239,175,154,115,104,74,51,35,18,17,33
2,"10. Sant Antoni",38412,285,330,294,312,251,258,250,263,260,264,228,235,252,264,245,239,277,253,288,270,292,317,337,393,468,492,497,547,598,583,620,631,690,698,743,699,724,723,710,678,670,596,632,600,574,539,547,580,566,548,512,586,538,499,509,530,484,457,477,464,442,443,418,387,399,368,410,404,400,379,379,393,337,381,317,310,375,223,280,319,352,302,262,304,304,261,249,220,189,201,165,138,104,91,61,50,46,25,14,6,38
3,"11. el Poble Sec - AEI Parc Montjuïc",40358,363,349,345,318,319,314,301,329,332,274,313,314,306,268,296,265,308,287,325,326,319,346,378,394,477,534,568,651,626,677,730,785,774,844,897,859,881,832,864,832,787,815,788,731,666,630,595,669,598,611,576,604,577,485,566,487,468,503,448,454,400,397,389,374,334,342,303,341,334,309,323,291,304,317,244,240,280,207,226,241,268,243,254,258,234,200,211,173,141,123,104,102,59,66,50,28,21,15,9,15,10
3,"12. la Marina del Prat Vermell - AEI Zona Franca",1151,18,11,10,10,8,8,10,5,12,6,6,6,15,12,12,9,11,6,7,8,8,10,18,12,15,16,15,20,17,17,18,28,20,21,21,19,19,13,12,14,19,17,15,15,9,18,18,20,21,20,17,16,19,16,25,20,17,13,18,14,15,12,14,13,14,8,10,5,11,10,11,9,16,6,7,4,3,3,11,5,6,9,14,10,10,12,8,3,8,3,5,3,1,1,0,1,0,0,0,0,0
3,"13. la Marina de Port",30622,234,260,243,261,264,274,267,291,331,285,276,297,308,300,295,305,318,290,312,314,317,319,321,360,339,340,378,352,329,348,369,339,431,380,392,414,414,407,470,497,490,492,516,525,499,519,511,501,480,501,502,422,528,526,463,469,466,421,405,428,371,372,319,287,332,274,276,284,347,285,282,264,285,260,226,219,283,167,215,236,238,233,240,232,212,203,165,123,90,112,69,43,49,39,30,18,14,8,5,4,6
3,"14. la Font de la Guatlla",10422,84,67,77,75,68,60,77,75,75,58,70,88,72,84,72,58,90,90,75,81,74,97,96,101,128,137,157,133,152,149,184,160,163,170,188,205,171,175,196,158,175,146,137,143,193,182,139,141,177,139,152,156,142,148,148,126,121,128,128,122,122,140,150,124,119,124,134,112,128,130,116,103,108,99,89,76,100,65,61,67,81,90,58,87,65,57,60,70,54,33,32,34,19,18,24,13,6,2,7,9,3
3,"15. Hostafrancs",15949,150,109,138,150,121,122,124,102,108,111,118,127,119,108,88,93,114,95,121,117,112,148,159,174,182,187,222,270,263,304,295,281,342,336,306,319,267,295,323,281,273,272,263,299,259,240,214,211,253,200,205,215,193,200,207,183,204,198,230,224,194,195,186,192,173,186,192,139,167,163,150,161,150,149,95,114,125,68,86,103,92,99,76,114,87,87,72,72,64,60,51,42,28,16,14,12,10,7,2,7,5
3,"16. la Bordeta",18561,147,168,139,129,146,147,120,143,152,144,149,143,157,147,127,147,151,131,140,132,157,144,189,174,199,205,223,222,265,270,269,238,285,282,286,283,288,270,300,239,297,321,313,264,252,242,268,268,260,261,257,269,317,269,265,247,284,286,269,297,279,263,236,236,237,232,213,236,222,219,192,204,178,159,140,151,184,103,133,136,160,163,143,129,136,112,104,106,86,61,54,48,43,32,30,17,13,6,6,1,5
3,"17. Sants - Badal",24047,170,187,171,173,187,175,151,184,169,176,175,195,165,171,150,170,174,202,171,171,206,186,263,234,301,325,301,366,366,344,358,391,372,381,385,425,429,394,398,350,381,396,361,344,400,350,321,289,318,310,328,345,366,306,305,341,365,339,336,352,349,288,300,320,285,321,306,305,288,280,260,251,243,261,191,202,218,130,152,158,169,183,179,174,165,165,147,115,115,93,87,65,51,32,32,12,6,15,5,3,11
3,"18. Sants",41244,375,355,332,315,343,339,286,322,322,276,318,289,286,298,292,302,318,314,271,301,345,350,374,389,448,465,520,611,612,692,620,690,702,748,773,725,745,690,742,752,675,694,699,627,656,562,615,589,577,587,566,584,585,559,537,553,550,561,555,503,502,514,455,478,448,398,432,440,420,422,409,424,390,370,328,308,383,214,242,281,368,302,303,300,272,301,262,222,198,155,142,116,99,85,49,38,32,19,17,5,20
4,"19. les Corts",46104,358,398,385,394,392,360,395,362,404,372,337,329,341,360,361,294,369,328,363,386,384,370,391,437,511,513,583,582,598,613,639,609,585,624,700,637,665,677,670,700,643,680,672,657,615,630,617,546,589,588,577,579,648,618,577,583,625,652,608,676,623,637,634,651,626,577,614,671,674,622,650,609,587,572,451,450,563,265,321,370,433,345,380,358,283,290,285,241,216,170,183,161,109,90,65,50,32,29,18,12,31
4,"20. la Maternitat i Sant Ramon",23980,179,214,201,210,203,214,192,187,147,192,185,182,197,189,188,178,177,171,187,205,163,220,215,239,275,249,325,329,307,355,321,353,318,342,340,348,378,335,348,364,350,330,341,328,310,362,304,300,291,286,274,302,309,285,311,297,304,310,325,312,301,335,298,302,355,344,333,340,343,324,300,354,330,328,251,223,279,161,175,229,180,186,209,170,172,166,154,120,88,93,97,69,57,34,42,27,20,18,5,5,10
4,"21. Pedralbes",12117,87,90,101,101,117,134,138,143,142,148,167,134,152,145,152,152,139,135,138,141,116,140,132,130,117,117,139,118,141,114,131,122,127,129,108,149,111,139,143,157,167,191,207,181,199,172,172,166,165,147,162,157,180,163,166,124,138,135,154,150,130,122,140,135,128,148,146,145,166,114,133,146,129,131,116,100,138,81,81,92,104,106,98,93,97,79,82,78,51,58,41,38,37,23,21,19,14,11,5,4,5
5,"22. Vallvidrera, el Tibidabo i les Planes",4689,37,51,58,66,53,63,60,45,71,48,76,55,65,60,69,50,55,60,47,49,51,31,45,46,54,43,50,46,40,44,36,55,38,59,57,62,58,61,73,83,88,73,82,100,76,92,83,78,69,90,79,94,73,72,75,69,87,49,77,71,72,46,44,42,58,33,44,40,38,33,34,41,30,33,30,29,33,16,15,19,29,20,15,22,21,9,13,10,13,7,13,12,5,6,4,3,6,1,3,0,0
5,"23. Sarrià",25106,243,247,300,290,334,292,319,303,326,319,319,328,327,326,303,260,296,269,274,264,269,267,237,278,255,257,253,267,233,269,251,254,267,269,252,287,301,362,346,360,366,389,430,412,384,422,374,373,354,342,375,351,349,328,319,311,344,308,277,266,267,264,241,279,256,236,248,240,247,234,224,244,233,223,185,197,226,135,132,166,198,205,192,139,165,155,159,119,126,113,103,83,65,70,56,33,27,25,17,10,22
5,"24. les Tres Torres",16660,151,154,161,182,200,213,197,209,186,208,217,195,200,230,211,186,223,211,201,210,213,205,239,199,209,186,180,189,168,153,153,169,149,167,148,208,174,194,208,203,207,262,248,274,214,227,262,215,243,228,265,248,255,245,235,204,213,198,199,205,164,184,174,142,182,169,177,152,196,157,170,167,169,150,119,145,150,98,95,131,117,123,125,107,103,93,99,87,81,49,61,52,30,35,20,20,19,11,8,10,13
5,"25. Sant Gervasi - la Bonanova",25909,201,221,256,244,278,297,271,276,303,275,313,297,317,339,305,284,242,276,267,296,293,344,291,323,338,273,300,307,285,293,276,305,300,252,284,319,297,308,301,358,353,383,388,448,435,387,388,355,316,370,331,378,362,334,353,316,318,332,334,313,313,284,246,290,235,276,284,238,276,274,272,293,254,255,214,217,230,156,153,198,211,196,197,164,182,150,157,139,123,109,111,100,67,69,39,48,29,15,14,13,19
5,"26. Sant Gervasi - Galvany",47753,416,446,399,412,420,454,447,449,485,503,528,493,520,550,517,522,553,513,526,530,510,557,548,511,602,548,573,538,574,562,583,508,590,512,543,600,632,609,578,616,670,686,692,672,693,704,727,670,690,734,704,700,753,702,649,669,641,642,567,606,553,546,502,488,466,489,478,501,504,468,454,468,477,450,414,442,475,246,309,340,422,366,357,338,356,321,316,276,207,213,213,146,150,114,96,67,51,37,27,17,45
5,"27. el Putxet i el Farró",29617,286,293,251,261,289,273,288,300,262,282,284,265,278,339,278,287,271,297,274,312,289,301,298,295,342,347,364,367,359,374,386,434,457,438,433,456,440,435,449,441,473,468,495,444,397,453,462,419,407,409,411,458,431,403,390,350,375,390,346,353,314,322,351,347,356,298,341,351,342,319,277,298,292,295,264,257,276,150,157,189,201,200,179,180,170,151,155,127,144,124,94,92,72,63,37,38,23,20,12,11,19
6,"28. Vallcarca i els Penitents",15615,135,137,123,132,143,150,127,147,146,148,150,162,158,138,143,128,133,127,118,149,113,110,136,154,151,159,151,186,183,212,208,222,211,217,228,250,207,243,242,252,261,255,268,248,283,257,233,246,212,207,237,227,217,219,192,189,185,193,194,173,219,171,167,169,160,148,185,190,170,157,185,193,175,183,136,131,176,87,97,116,133,110,133,110,109,93,99,81,60,55,67,55,42,34,22,21,10,12,7,8,14
6,"29. el Coll",7428,76,59,73,68,60,71,78,67,74,66,66,61,56,70,61,68,53,59,52,64,54,56,60,91,86,96,80,100,85,104,101,82,92,108,101,126,124,129,138,140,151,153,118,126,120,109,129,100,114,112,99,106,110,98,108,115,105,103,90,84,86,75,81,79,87,76,82,77,83,86,78,76,87,73,48,69,78,45,64,53,55,46,38,46,37,35,36,29,23,23,18,15,11,6,7,3,4,2,2,1,3
6,"30. la Salut",13207,109,87,118,107,114,110,99,113,119,109,91,120,133,107,96,103,93,114,117,96,117,88,132,122,147,135,156,162,194,178,192,180,218,201,225,218,215,207,215,190,203,200,208,206,178,189,177,186,176,144,171,148,171,144,134,165,150,160,173,174,159,150,159,166,167,174,170,167,193,172,179,169,146,138,139,131,146,83,88,124,91,104,102,94,94,87,83,71,60,59,43,46,33,31,20,18,17,6,10,7,7
6,"31. la Vila de Gràcia",50885,474,484,442,425,434,428,383,375,394,331,361,341,354,348,346,336,328,290,322,289,364,397,452,459,575,645,685,809,853,967,966,1033,1008,1088,1147,1066,1085,1120,1055,1088,971,992,876,859,866,795,698,689,642,709,657,660,662,638,590,651,553,590,577,593,481,478,518,514,442,466,475,467,464,424,404,442,420,389,318,329,413,214,268,329,348,355,368,328,342,307,303,241,260,214,196,177,163,103,90,67,47,37,28,9,32
6,"32. el Camp d'en Grassot i Gràcia Nova",34431,323,289,260,254,289,271,262,249,280,245,249,257,265,258,274,217,225,250,225,230,279,279,310,312,399,399,440,467,403,482,523,515,530,560,620,590,582,640,612,553,582,565,521,490,497,486,451,465,486,446,453,459,463,471,440,396,452,444,446,437,448,405,414,426,449,428,408,470,418,417,376,415,395,336,301,302,389,198,255,294,285,287,226,242,245,211,179,199,159,147,122,116,83,71,55,46,41,19,12,10,15
7,"33. el Baix Guinardó",25734,221,194,182,192,187,188,208,175,193,199,183,200,168,160,184,177,183,196,170,215,190,198,228,248,278,256,340,377,329,382,359,384,382,358,387,411,409,400,398,409,462,441,382,380,381,350,366,350,356,331,368,345,372,355,365,359,354,336,359,338,355,350,300,297,296,278,255,290,262,286,269,295,283,258,222,229,247,148,202,230,227,220,273,191,222,205,202,173,162,138,108,99,94,61,58,34,30,16,7,4,10
7,"34. Can Baró",9020,70,57,65,64,87,63,70,65,88,68,81,70,86,49,84,69,74,77,75,70,78,65,91,72,97,97,117,111,128,119,133,128,126,134,127,136,142,127,145,162,161,140,141,149,116,130,142,121,128,128,139,158,127,136,124,112,132,130,117,124,121,99,91,99,115,93,85,113,111,104,110,107,90,103,91,57,97,52,77,63,76,70,73,74,62,59,40,59,41,33,38,22,20,15,13,12,3,3,2,2,3
7,"35. el Guinardó",36538,320,336,317,317,316,306,303,299,288,300,306,311,290,287,301,301,283,286,307,296,302,283,325,376,377,376,402,429,442,496,461,467,532,556,568,595,572,620,675,602,654,642,628,580,576,551,584,559,540,520,557,519,538,507,485,452,489,469,447,462,416,394,421,400,380,394,372,421,432,405,363,430,327,378,315,295,379,215,266,291,306,303,311,265,252,246,221,207,162,162,101,94,84,68,54,26,33,20,13,14,17
7,"36. la Font d'en Fargues",9390,74,73,72,78,73,78,78,89,106,88,121,84,113,97,89,114,84,105,81,85,75,88,89,81,84,84,82,90,76,86,100,98,93,108,110,112,96,116,132,142,137,163,158,190,142,154,140,132,131,133,156,135,141,136,129,120,133,154,139,111,118,127,92,133,122,110,119,149,140,124,127,117,105,106,94,73,98,52,80,80,72,62,59,60,48,50,61,40,31,25,29,24,32,17,16,16,8,4,4,3,5
7,"37. el Carmel",31583,284,256,255,248,264,265,290,308,302,288,268,287,285,258,272,260,262,262,268,278,291,272,294,315,329,337,345,356,380,388,421,398,459,430,458,471,527,515,514,521,593,562,556,583,488,496,488,480,470,493,434,491,422,466,430,393,384,363,356,320,322,350,303,340,344,319,333,390,417,386,341,391,383,354,317,273,347,230,255,307,262,288,224,231,162,188,155,121,106,84,79,58,45,35,27,22,15,10,9,7,4
7,"38. la Teixonera",11634,95,88,88,110,69,107,85,107,91,105,102,96,110,103,98,107,91,102,97,106,105,107,110,113,151,118,112,141,139,130,154,154,136,165,167,178,183,176,236,214,198,194,189,214,208,213,209,181,193,185,178,159,195,136,151,146,150,147,145,144,133,118,116,117,131,121,122,128,143,122,116,113,138,115,120,102,124,72,94,103,87,99,92,69,69,56,70,44,48,40,34,26,18,19,10,6,8,4,3,1,2
7,"39. Sant Genís dels Agudells",6971,47,53,42,72,48,55,55,44,54,57,55,59,65,54,71,60,67,62,67,53,67,61,56,69,61,69,68,82,70,83,84,87,86,99,100,82,99,90,86,106,107,89,112,113,98,92,123,115,102,87,108,110,122,115,90,72,77,80,80,85,71,70,73,77,80,62,69,72,75,75,72,72,70,88,51,81,97,59,82,101,77,91,89,84,72,60,57,41,42,29,33,21,13,8,10,4,8,1,5,2,5
7,"40. Montbau",5171,38,32,26,29,38,45,46,46,47,44,29,43,35,39,45,36,31,45,41,57,42,47,41,44,35,52,47,53,67,54,54,68,46,56,64,58,63,69,65,70,75,77,72,82,64,73,71,81,85,90,107,92,93,96,80,57,75,37,46,50,55,36,38,44,31,37,25,32,39,29,46,42,49,38,44,51,86,30,60,76,82,92,74,88,76,74,65,54,58,43,41,32,32,22,18,18,5,1,7,3,8
7,"41. la Vall d'Hebron",5792,43,56,45,49,48,36,39,50,48,45,52,58,39,49,58,44,56,51,56,58,49,45,48,48,58,56,62,49,47,55,68,74,59,75,61,89,76,66,85,71,81,84,92,77,99,89,89,97,62,78,87,92,102,84,82,103,93,77,78,80,74,69,62,78,63,50,55,74,99,71,75,96,91,80,70,60,72,42,53,58,62,52,37,36,38,33,31,33,35,19,20,13,14,11,6,5,0,2,0,2,4
7,"42. la Clota",611,2,11,15,7,6,5,5,6,6,5,5,3,4,4,3,3,4,7,7,5,3,5,6,5,8,6,2,3,8,12,15,10,18,15,19,14,25,15,9,12,9,18,13,15,8,8,9,11,15,10,7,10,7,7,6,12,6,7,3,2,3,6,1,1,4,7,1,4,3,2,3,4,3,8,1,1,4,1,6,6,7,7,2,2,2,1,1,3,3,1,1,3,2,0,1,0,0,0,0,0,0
7,"43. Horta",26743,218,211,195,213,241,211,209,212,230,238,223,235,238,234,211,244,217,213,212,206,205,229,217,260,275,303,300,282,288,290,320,341,332,304,358,354,331,371,378,410,428,478,447,385,414,437,416,392,387,419,383,421,431,384,381,360,348,377,337,303,294,320,284,279,301,286,308,298,342,321,313,314,340,304,258,276,296,200,220,289,251,239,247,245,213,217,161,149,119,125,97,81,56,58,53,32,19,23,8,8,12
8,"44. Vilapicina i la Torre Llobeta",25618,180,209,191,207,201,219,178,208,226,213,193,226,225,203,209,203,219,198,201,214,224,219,256,247,257,274,288,255,275,282,295,271,322,351,354,309,375,391,429,345,429,449,425,400,410,391,360,366,367,379,389,365,357,403,341,350,348,347,351,340,320,328,294,307,293,303,292,314,346,265,298,324,288,252,230,228,267,182,199,219,251,229,243,229,216,197,154,173,130,104,98,79,76,52,40,34,21,10,5,5,14
8,"45. Porta",25046,223,216,222,216,203,190,207,222,216,233,195,198,199,219,188,172,176,206,216,199,194,197,222,233,237,247,251,239,256,309,284,311,296,348,341,340,410,406,454,442,454,437,446,426,438,388,418,369,365,326,389,354,388,353,330,323,305,307,267,257,257,248,252,240,244,248,230,278,300,305,296,317,290,281,232,232,302,193,237,268,259,254,253,251,233,187,191,152,128,74,83,71,59,39,31,15,12,13,5,5,8
8,"46. el Turó de la Peira",15506,129,137,145,147,164,134,119,129,147,145,132,118,148,140,130,133,131,142,130,157,123,158,170,177,162,192,179,181,178,185,207,194,190,201,219,249,252,241,230,269,227,222,228,236,246,241,235,223,245,231,235,256,247,226,243,237,204,220,200,164,146,166,128,124,126,117,103,107,98,97,78,117,101,105,88,95,157,78,114,165,169,180,181,177,164,176,164,167,118,128,93,62,39,44,24,9,8,6,2,3,2
8,"47. Can Peguera",2233,12,17,14,14,18,25,16,26,28,23,21,17,29,18,19,19,29,23,18,24,21,27,13,28,30,22,23,34,32,21,27,23,20,22,30,28,20,42,27,31,50,29,29,29,25,31,27,35,32,40,31,40,44,36,39,29,25,36,36,25,26,22,22,34,16,20,18,11,25,23,22,14,22,16,19,16,26,11,24,21,29,18,21,23,25,20,14,16,12,13,13,10,4,3,3,1,1,0,0,0,0
8,"48. la Guineueta",15247,119,116,99,129,128,139,122,131,129,146,135,145,138,123,135,110,131,125,123,129,138,137,114,134,128,138,145,150,135,136,154,144,153,144,165,196,184,210,241,221,228,227,238,239,238,252,224,265,210,221,239,216,237,195,211,215,173,170,182,146,166,169,162,169,172,159,174,208,220,213,212,239,200,235,161,179,191,116,167,167,188,173,173,149,134,120,120,82,93,69,59,41,33,30,25,11,12,4,5,0,2
8,"49. Canyelles",6863,48,58,45,48,47,58,49,52,50,47,58,49,51,61,62,57,61,62,47,53,66,55,54,60,65,60,66,64,72,73,73,60,62,85,76,70,83,109,101,77,85,107,90,90,87,110,92,104,95,108,110,86,92,79,84,80,109,87,100,122,118,131,138,138,110,92,106,111,110,112,87,110,90,100,72,62,93,42,57,60,68,55,46,64,54,37,35,42,22,28,17,14,10,7,7,5,0,2,0,0,0
8,"50. les Roquetes",15648,159,157,146,145,139,162,181,154,170,144,156,163,145,164,157,153,136,153,141,156,151,145,186,195,204,198,210,208,212,206,230,191,255,204,257,262,277,282,293,241,276,255,265,271,240,247,258,235,225,244,239,225,217,201,183,179,179,197,184,196,174,156,129,148,167,139,114,176,177,165,152,163,149,149,123,101,140,68,94,117,112,88,99,86,82,69,71,48,41,36,21,20,10,17,14,10,7,6,0,1,5
8,"51. Verdun",12368,108,112,115,107,106,110,105,123,112,112,92,101,120,105,95,94,107,112,94,97,120,100,132,143,125,113,143,147,154,154,174,168,159,183,184,181,204,217,202,210,207,183,226,235,188,200,199,168,200,188,184,181,188,172,157,151,146,143,156,157,103,137,105,110,106,121,104,122,133,136,126,143,141,134,116,103,119,115,98,123,136,114,99,98,93,83,77,58,55,42,33,23,24,17,17,12,9,6,5,2,1
8,"52. la Prosperitat",26398,207,224,218,209,203,217,251,223,265,230,227,204,214,220,219,223,229,244,211,237,243,217,246,251,267,254,295,277,298,315,287,311,321,322,359,381,416,439,405,466,458,450,438,412,408,393,403,395,392,397,375,374,377,351,303,328,305,293,322,277,283,283,251,257,254,246,279,265,318,316,319,369,361,326,304,271,389,237,251,290,278,286,238,251,200,169,164,128,110,99,69,57,55,41,33,26,12,5,3,4,5
8,"53. la Trinitat Nova",7271,65,66,70,65,81,73,65,66,71,68,84,80,64,73,69,76,61,64,59,83,69,86,78,73,93,83,87,86,90,89,101,94,94,106,101,104,110,119,115,124,127,114,133,108,104,127,117,126,102,116,107,115,99,99,105,102,89,104,106,100,88,83,79,71,83,55,57,63,63,74,51,51,54,38,44,40,37,36,43,41,52,48,56,59,48,59,62,51,43,26,23,21,19,18,11,9,3,2,2,3,0
8,"54. Torre Baró",2859,33,36,28,37,29,38,29,33,42,40,42,46,28,36,34,40,42,28,33,42,33,28,32,36,37,42,29,38,37,37,46,34,42,45,33,34,55,48,44,53,41,53,44,49,57,44,39,60,41,49,44,37,54,42,39,34,18,54,32,33,25,27,31,21,26,25,23,20,21,14,16,22,16,17,18,14,16,18,13,16,12,14,9,11,7,6,10,3,3,4,5,6,4,1,0,0,0,1,1,0,0
8,"55. Ciutat Meridiana",10369,107,124,128,105,122,108,126,120,129,104,113,113,104,105,90,118,113,108,120,107,115,126,113,142,134,125,137,128,141,123,118,146,138,136,171,153,175,162,173,205,194,177,199,181,176,162,162,153,146,155,165,161,151,136,114,120,107,91,92,98,92,88,82,83,80,72,92,98,100,117,102,93,94,108,103,89,107,70,55,75,87,56,47,77,48,35,39,23,20,22,16,9,5,5,3,3,4,1,2,1,1
8,"56. Vallbona",1379,15,14,21,17,18,12,20,15,31,12,21,19,13,17,15,14,10,9,19,10,10,16,11,13,18,14,11,12,15,10,16,12,21,19,14,20,19,33,37,34,33,34,28,22,24,25,18,21,22,12,16,23,18,14,10,18,16,12,18,12,15,12,11,15,17,13,4,8,6,11,10,9,9,10,3,12,8,7,4,14,10,12,11,9,11,6,7,6,4,3,5,6,3,5,2,2,1,1,1,1,2
9,"57. la Trinitat Vella",10006,109,90,121,107,125,107,136,126,141,111,100,111,94,90,99,79,96,99,107,117,110,113,110,117,130,136,150,135,119,121,128,145,128,161,164,170,177,161,194,209,206,196,189,162,175,182,183,152,152,155,143,135,136,127,123,143,117,95,112,96,93,81,86,65,86,96,80,91,97,95,77,81,73,80,59,47,78,46,53,51,52,60,44,44,47,36,36,33,21,17,20,18,9,6,7,3,5,3,4,2,2
9,"58. Baró de Viver",2539,25,37,23,30,30,27,35,24,27,33,23,39,22,26,32,30,26,29,30,30,19,22,31,23,50,30,25,27,30,20,22,43,42,28,34,30,45,49,43,48,44,38,33,39,48,33,36,51,35,47,30,51,33,24,38,41,33,36,28,35,34,34,25,25,22,26,20,14,19,24,16,21,21,13,18,11,27,14,10,19,12,14,8,7,25,14,6,10,5,8,8,3,7,3,3,1,0,0,0,0,0
9,"59. el Bon Pastor",12582,105,123,152,127,141,166,172,192,150,169,184,153,150,128,132,118,115,119,118,118,89,118,102,120,112,139,122,137,127,108,140,118,154,140,169,181,173,217,217,258,253,297,275,284,241,235,231,230,190,202,205,180,197,176,152,136,147,140,142,123,122,99,98,121,88,87,86,120,137,117,103,133,104,115,74,80,107,69,86,88,90,86,71,74,71,60,58,46,46,33,31,19,16,10,6,9,3,6,0,1,3
9,"60. Sant Andreu",57223,497,478,521,525,514,539,541,546,539,558,526,483,484,515,470,492,500,465,424,478,446,451,437,483,532,556,527,626,625,624,677,726,729,739,792,830,847,918,1023,980,1068,1018,1009,998,985,958,868,843,853,817,827,804,790,747,788,734,816,825,830,816,751,751,688,708,740,734,693,764,795,725,638,659,549,576,482,402,540,300,347,437,439,386,376,371,323,326,307,266,186,181,176,140,106,74,67,57,41,24,11,10,20
9,"61. la Sagrera",29031,254,242,260,250,252,241,242,240,238,226,213,210,228,190,213,192,230,252,202,241,244,225,244,280,319,341,317,344,338,342,392,390,387,407,443,426,494,469,515,470,489,431,433,455,435,369,431,405,384,430,395,368,382,385,394,394,386,370,399,409,426,400,373,443,422,400,408,375,403,359,348,349,339,267,261,242,275,177,208,240,266,236,230,205,176,170,158,121,120,103,107,69,64,38,42,20,14,11,8,1,10
9,"62. el Congrés i els Indians",14141,111,110,137,120,122,134,136,123,121,116,116,101,111,102,100,132,123,124,114,111,125,143,111,129,160,149,138,164,141,152,152,190,169,185,213,225,216,222,238,238,232,242,241,242,236,228,205,216,220,213,233,227,193,195,224,197,214,182,197,153,182,155,134,124,132,143,116,135,136,127,117,146,118,130,114,104,126,65,80,108,116,122,131,148,147,138,145,124,91,93,81,48,46,30,24,14,13,11,5,0,8
9,"63. Navas",22171,181,167,185,171,167,166,186,153,171,175,167,165,188,201,174,181,185,169,179,188,193,188,210,216,226,216,263,253,271,269,292,304,286,317,315,283,352,319,335,348,377,410,328,325,313,295,336,354,335,321,330,345,342,311,346,286,283,314,291,277,303,285,243,272,255,235,244,274,285,310,252,279,288,222,212,177,217,138,159,198,195,181,171,184,149,152,147,121,107,93,67,58,50,44,41,19,13,17,4,4,12
10,"64. el Camp de l'Arpa del Clot",38371,309,300,299,291,266,272,284,294,274,279,276,252,273,250,274,250,281,261,259,308,274,316,345,344,436,457,419,517,597,545,585,621,608,644,632,646,687,665,676,673,648,666,669,644,553,566,547,506,480,543,538,543,569,526,503,489,498,454,508,484,450,461,453,458,475,444,454,511,520,477,430,463,444,383,336,329,361,196,251,270,336,274,268,288,237,252,225,196,188,162,124,120,97,76,61,47,27,20,11,14,9
10,"65. el Clot",27089,191,220,199,202,211,225,216,272,251,246,251,244,248,214,226,234,247,248,233,245,252,253,279,269,271,308,337,319,356,318,350,403,396,376,405,447,460,427,450,422,425,439,451,389,397,451,445,440,404,431,385,422,416,403,398,386,406,397,399,379,370,389,320,353,372,314,296,341,310,296,247,257,243,219,196,179,239,112,141,156,196,170,154,171,149,131,132,110,101,97,84,64,56,44,32,19,15,7,7,6,10
10,"66. el Parc i la Llacuna del Poblenou",15204,137,177,140,147,132,128,130,122,116,87,120,126,106,122,109,91,99,103,112,136,118,142,152,177,203,195,202,228,223,241,226,261,287,253,261,295,310,304,308,299,320,314,248,241,236,204,205,197,212,206,197,195,184,196,220,192,176,209,198,194,187,181,177,185,185,166,154,173,184,130,140,133,119,137,114,83,121,56,73,101,86,75,92,103,83,88,74,67,55,45,35,35,29,21,14,11,5,9,4,1,4
10,"67. la Vila Olímpica del Poblenou",9404,91,104,95,103,94,100,98,110,103,95,86,91,115,106,109,112,143,133,119,146,118,114,115,116,92,105,92,85,87,82,99,92,112,105,102,112,138,123,154,146,154,131,161,149,145,148,149,150,145,150,158,185,206,172,170,178,160,166,164,151,160,121,137,115,96,116,96,120,92,86,58,78,69,55,40,37,48,26,30,28,28,31,32,23,18,18,23,17,16,12,8,10,7,3,2,3,4,3,2,1,1
10,"68. el Poblenou",33931,340,333,367,342,382,409,387,350,377,360,389,391,374,329,312,304,295,246,248,241,229,241,254,269,293,276,332,363,399,391,477,496,479,536,553,627,614,612,634,770,750,730,755,686,744,663,669,601,596,522,548,539,500,479,446,399,411,379,385,371,345,333,288,325,271,282,252,269,283,253,265,258,270,228,173,211,226,126,156,194,196,178,209,192,156,185,164,139,160,115,112,86,74,49,38,23,21,13,7,6,6
10,"69. Diagonal Mar i el Front Marítim del Poblenou",13710,190,190,177,226,209,204,169,162,207,159,203,164,156,145,128,120,136,115,89,95,62,75,85,76,91,86,96,106,106,121,147,173,191,229,253,257,284,292,290,273,340,333,320,332,320,322,281,261,226,235,242,192,180,164,166,162,149,125,137,123,103,108,115,96,93,114,94,95,111,124,107,130,108,110,103,90,94,66,60,72,80,51,66,68,50,46,38,24,29,27,24,12,17,13,6,6,3,2,1,1,6
10,"70. el Besòs i el Maresme",22893,190,203,227,187,239,246,244,215,249,234,240,220,214,209,187,200,210,196,227,218,243,222,243,240,273,283,302,295,323,312,330,315,320,366,390,382,385,408,413,392,383,371,349,347,313,366,311,318,342,316,321,355,331,337,334,309,320,324,288,291,272,299,247,250,242,206,190,172,190,158,142,170,175,144,128,113,148,92,153,190,187,201,203,194,163,180,142,109,102,67,61,48,43,28,14,14,12,9,6,1,10
10,"71. Provençals del Poblenou",20649,177,194,210,212,220,206,199,189,219,201,206,173,182,190,156,139,173,160,160,180,187,197,182,197,233,225,255,240,259,256,267,259,297,319,329,333,345,370,381,414,409,394,355,347,355,307,323,338,330,309,328,302,308,341,328,339,299,318,288,227,241,217,192,247,213,216,191,207,221,180,169,170,179,145,134,129,134,96,127,148,124,129,144,136,121,100,115,72,63,56,57,38,19,29,24,9,8,5,2,5,1
10,"72. Sant Martí de Provençals",26187,181,198,208,205,232,222,212,194,214,237,203,237,205,215,232,191,218,216,206,233,237,249,236,253,204,223,260,300,271,282,281,350,331,315,316,308,384,374,408,433,404,427,407,468,409,423,406,374,425,416,395,404,356,329,372,333,333,366,348,317,310,316,312,265,275,269,272,307,301,304,297,339,340,322,294,284,307,188,252,254,259,259,210,235,243,201,175,172,131,125,104,67,62,43,34,22,16,10,10,10,5
10,"73. la Verneda i la Pau",28725,234,227,205,202,233,211,263,205,257,229,257,240,235,243,216,261,233,233,214,249,242,234,285,277,277,285,300,305,300,313,304,315,342,350,376,361,385,402,400,454,436,494,424,461,450,400,441,382,416,427,424,395,401,401,399,383,416,386,362,374,332,318,361,307,364,331,322,383,374,385,375,385,369,381,312,273,362,262,272,297,286,292,267,254,241,208,205,158,124,110,81,75,72,47,40,24,16,9,11,5,9
